{"textures":{"0":"modelengine:entity/nautilix","particle":"#0"},"elements":[{"from":[6.031661,6.7776065,4.905225],"to":[6.9316607,8.577606,5.8052254],"faces":{"east":{"uv":[5.375,6.0,5.25,6.25],"tintindex":0,"rotation":0,"texture":"#0"},"south":{"uv":[4.625,6.0,4.5,6.25],"tintindex":0,"rotation":0,"texture":"#0"},"north":{"uv":[6.125,4.0,6.0,4.25],"tintindex":0,"rotation":0,"texture":"#0"},"west":{"uv":[4.375,6.0,4.25,6.25],"tintindex":0,"rotation":0,"texture":"#0"},"up":{"uv":[6.25,2.875,6.375,2.75],"tintindex":0,"rotation":0,"texture":"#0"},"down":{"uv":[3.0,6.25,3.125,6.375],"tintindex":0,"rotation":0,"texture":"#0"}}},{"from":[8.857565,8.009465,4.8981705],"to":[9.7575655,9.449466,5.79817],"faces":{"east":{"uv":[3.625,6.0,3.5,6.25],"tintindex":0,"rotation":0,"texture":"#0"},"south":{"uv":[6.125,3.25,6.0,3.5],"tintindex":0,"rotation":0,"texture":"#0"},"north":{"uv":[6.125,3.0,6.0,3.25],"tintindex":0,"rotation":0,"texture":"#0"},"west":{"uv":[3.375,6.0,3.25,6.25],"tintindex":0,"rotation":0,"texture":"#0"},"up":{"uv":[1.5,6.375,1.625,6.25],"tintindex":0,"rotation":0,"texture":"#0"},"down":{"uv":[1.75,6.25,1.875,6.375],"tintindex":0,"rotation":0,"texture":"#0"}}}],"display":{"head":{"rotation":[36.0,3.6144852E-6,9.000002]},"firstperson_righthand":{"rotation":[36.0,3.6144852E-6,9.000002]},"thirdperson_lefthand":{"rotation":[36.0,-3.6144852E-6,-9.000002]},"firstperson_lefthand":{"rotation":[36.0,-3.6144852E-6,-9.000002]},"fixed":{"rotation":[36.0,3.6144852E-6,9.000002]},"ground":{"rotation":[36.0,3.6144852E-6,9.000002]},"thirdperson_righthand":{"rotation":[36.0,3.6144852E-6,9.000002]},"gui":{"rotation":[164.2233,-34.8941,158.55362]}}}