{"textures":{"0":"modelengine:entity/nautilix","particle":"#0"},"elements":[{"from":[8.285691,9.639283,4.905225],"to":[9.185692,10.899283,5.8052254],"faces":{"east":{"uv":[0.875,6.25,0.75,6.375],"tintindex":0,"rotation":0,"texture":"#0"},"south":{"uv":[0.625,6.25,0.5,6.375],"tintindex":0,"rotation":0,"texture":"#0"},"north":{"uv":[0.125,6.25,0.0,6.375],"tintindex":0,"rotation":0,"texture":"#0"},"west":{"uv":[0.375,6.25,0.25,6.375],"tintindex":0,"rotation":0,"texture":"#0"},"up":{"uv":[1.0,6.375,1.125,6.25],"tintindex":0,"rotation":0,"texture":"#0"},"down":{"uv":[1.25,6.25,1.375,6.375],"tintindex":0,"rotation":0,"texture":"#0"}}}],"display":{"head":{"rotation":[36.0,1.8344132E-6,-12.000003]},"firstperson_righthand":{"rotation":[36.0,1.8344132E-6,-12.000003]},"thirdperson_lefthand":{"rotation":[36.0,-1.8344132E-6,12.000003]},"firstperson_lefthand":{"rotation":[36.0,-1.8344132E-6,12.000003]},"fixed":{"rotation":[36.0,1.8344132E-6,-12.000003]},"ground":{"rotation":[36.0,1.8344132E-6,-12.000003]},"thirdperson_righthand":{"rotation":[36.0,1.8344132E-6,-12.000003]},"gui":{"rotation":[164.2233,-34.8941,137.5536]}}}