{"textures":{"0":"modelengine:entity/nautilix","particle":"#0"},"elements":[{"from":[5.946128,7.962535,4.8981705],"to":[6.846128,9.402535,5.79817],"faces":{"east":{"uv":[3.25,6.0,3.375,6.25],"tintindex":0,"rotation":0,"texture":"#0"},"south":{"uv":[6.0,3.25,6.125,3.5],"tintindex":0,"rotation":0,"texture":"#0"},"north":{"uv":[6.0,3.0,6.125,3.25],"tintindex":0,"rotation":0,"texture":"#0"},"west":{"uv":[3.5,6.0,3.625,6.25],"tintindex":0,"rotation":0,"texture":"#0"},"up":{"uv":[1.625,6.375,1.5,6.25],"tintindex":0,"rotation":0,"texture":"#0"},"down":{"uv":[1.875,6.25,1.75,6.375],"tintindex":0,"rotation":0,"texture":"#0"}}},{"from":[8.772022,6.730676,4.905225],"to":[9.672023,8.530676,5.8052254],"faces":{"east":{"uv":[4.25,6.0,4.375,6.25],"tintindex":0,"rotation":0,"texture":"#0"},"south":{"uv":[4.5,6.0,4.625,6.25],"tintindex":0,"rotation":0,"texture":"#0"},"north":{"uv":[6.0,4.0,6.125,4.25],"tintindex":0,"rotation":0,"texture":"#0"},"west":{"uv":[5.25,6.0,5.375,6.25],"tintindex":0,"rotation":0,"texture":"#0"},"up":{"uv":[6.375,2.875,6.25,2.75],"tintindex":0,"rotation":0,"texture":"#0"},"down":{"uv":[3.125,6.25,3.0,6.375],"tintindex":0,"rotation":0,"texture":"#0"}}}],"display":{"head":{"rotation":[36.0,-3.6144852E-6,-9.000002]},"firstperson_righthand":{"rotation":[36.0,-3.6144852E-6,-9.000002]},"thirdperson_lefthand":{"rotation":[36.0,3.6144852E-6,9.000002]},"firstperson_lefthand":{"rotation":[36.0,3.6144852E-6,9.000002]},"fixed":{"rotation":[36.0,-3.6144852E-6,-9.000002]},"ground":{"rotation":[36.0,-3.6144852E-6,-9.000002]},"thirdperson_righthand":{"rotation":[36.0,-3.6144852E-6,-9.000002]},"gui":{"rotation":[164.2233,-34.894096,140.55362]}}}